Name,Address,Rate,Review,Phone,Super Type,Marketing Area
رستوران سنتی قصر ضیافت,اهواز،نادری،بلوار آيت الله بهبهاني نبش خ حلالي روبروي پارک شهر بازی,۳٫۸,(22 نفر),tel://06132226611,رستوران,15-AkharAsfalt
سالن غذاخوری شرکت ملی مناطق نفت خیز جنوب,اهواز،مناطق اداری شرکت نفت،کنارگذر پاسداران,۵٫۰,(2 نفر),tel://06132263086,رستوران,13-Hasirabad
رستوران سنتی شاد نشین,اهواز،نادری،خ. شریعتی،خ. زند,0,0,/p/%D8%B1%D8%B3%D8%AA%D9%88%D8%B1%D8%A7%D9%86-%D8%B3%D9%86%D8%AA%DB%8C-%D8%B4%D8%A7%D9%87-%D9%86%D8%B4%DB%8C%D9%86-ahvaz_restaurant-73nd4e67MTn6xn/gallery,فست‌فود,15-AkharAsfalt
غذاخوری احلی اللیالی,اهواز،کوی علوی،خ. بنی هاشم،خ. فرهانی,۴٫۰,(1 نفر),tel://09163045811,فست‌فود,6-Campolo
رستوران سنتی فرحزاد,اهواز،کیان آباد،خ. کیانپارس،خ. توحید,0,0,tel://06133768001,رستوران,1-Kianpars
کافه رستوران سنتی هوج,اهواز،سید خلف،خ ساحل بین کنارگذر مدرس و عزت دوم,0,0,/p/%D9%85%D8%B1%DA%A9%D8%B2-%D9%88%D8%A7%DA%A9%D8%B3%DB%8C%D9%86%D8%A7%D8%B3%DB%8C%D9%88%D9%86-%D9%86%D9%85%D8%A7%DB%8C%D8%B4%DA%AF%D8%A7%D9%87-%D8%A8%DB%8C%D9%86-%D8%A7%D9%84%D9%85%D9%84%D9%84%DB%8C-%D8%AE%D9%88%D8%B2%D8%B3%D8%AA%D8%A7%D9%86-ahvaz_vaccination-centre-1qEJzSQ9FMIJtf,رستوران,1-Kianpars
غذاخوری آذربایجان,اهواز،خیابان 30متری،خ طالقانی،خ علم الهدی،خ اهوازیان,۵٫۰,(1 نفر),/p/%D8%A8%D8%A7%D8%B2%D8%A7%D8%B1-%D8%A8%D8%B2%D8%B1%DA%AF-%DA%A9%D8%A7%D9%85%D9%BE%DB%8C%D9%88%D8%AA%D8%B1-%D8%A7%D9%87%D9%88%D8%A7%D8%B2-ahvaz_shopping-mall-4GOnRaCDXNOjvg,رستوران,13-Hasirabad
کترینگ لیمو,اهواز کیانپارس نبش ۱۸ غربی کترینگ لیمو,0,0,tel://09163129688,تهیه غذا,1-Kianpars
رستوران و آشپزخانه سنتی خانسالار,اهواز،نادری،خ. زند،خ. خوانساری,۳٫۰,(2 نفر),tel://06132926278,رستوران,15-AkharAsfalt
رستوران سنتی,اهواز،سید خلف،کنارگذر مدرس,0,0,/p/%D8%A8%D9%87%D8%AF%D8%A7%D8%B1%DB%8C-%D8%A7%D9%86%D8%AA%D8%B8%D8%A7%D9%85%DB%8C-%D8%A7%D8%B3%D8%AA%D8%A7%D9%86-%D8%AE%D9%88%D8%B2%D8%B3%D8%AA%D8%A7%D9%86-ahvaz_military-clinic-5soLp7YIkCjhuM,فست‌فود,1-Kianpars
کافه رستوران سنتی دورهمی,اهواز،کوی عباسپور،بلوار پاسداران،خ. اقبال,0,0,tel://09216206112,رستوران,7-Kourosh
کترینگ سالین,اهواز،کیان آباد،خ هجده متری سوم،خ احداثی,۳٫۰,(2 نفر),tel://06133371638,رستوران,1-Kianpars
رستوران سنتی آرزوها,اهواز،امانیه،خ انقلاب،بوستان حجاب,0,0,/p/%D8%A8%D8%B3%D8%AA%D9%86%DB%8C-%D9%85%D8%AC%DB%8C%D8%AF-ahvaz_ice-cream-and-juice-shop-3YBioyqskKjvhm,فست‌فود,6-Campolo
کترینگ و تهیه غذای یامی,اهواز،کوی ملت،بلوار پاسداران،خ. عامری,۵٫۰,(1 نفر),tel://06134485611,تهیه غذا,7-Kourosh
کافه رستوران سنتی یحیی,اهواز،سید خلف،خ ساحل,۵٫۰,(3 نفر),tel://09354807745,فست‌فود,1-Kianpars
غذاخوری شاطر حسن,اهواز،بیست متری شهرداری،بلوار خادمین سیدالشهدا،خ مجدم,0,0,/p/%D9%85%D8%B1%DA%A9%D8%B2-%D8%A8%D9%87%D8%AF%D8%A7%D8%B4%D8%AA-%D8%B4%D9%85%D8%A7%D8%B1%D9%87-%DB%B6-%D8%AD%D8%B5%DB%8C%D8%B1-%D8%A7%D8%A8%D8%A7%D8%AF-%DA%A9%D9%88%DB%8C-%D8%A7%D8%A8%D9%88%D8%B0%D8%B1-%D8%A7%D9%87%D9%88%D8%A7%D8%B2-P5n6cx4d2lqopG,رستوران,13-Hasirabad
غذاخوری و بیرون بر بابا علی,اهواز،اسلام آباد غربی،بزرگراه بهبهانی،کنارگذر بهبهانی،خ جنت,۴٫۰,(1 نفر),tel://09169163096,رستوران,15-AkharAsfalt
کترینگ سرآشپز افشین,اهواز،بلوار معلم، نرسیده به راهبند ایثار، کترینگ سرآشپز افشین,۵٫۰,(1 نفر),tel://09132316958,رستوران,8-Bahonar
کترینگ مهر و ماه,اهواز خیابان کمپانی بین خیابان ۳ و ۴ پادادشهر,۵٫۰,(1 نفر),tel://06135542974,,4-Padad
رستوران سنتی خانه مادر بزرگ,خوزستان شهرستان دزفول,0,0,http://tel://,رستوران,11-Naft
خرید و فروش ظروف غذاخوری,اهواز،آخر آسفالت،بلوار شریعتی جنوبی،خ صبا,0,0,/city-ahvaz/cat-fast-food-restaurant,رستوران,15-AkharAsfalt
رستوران سنتی قصر نور,اهواز،کوی ملی راه،بلوار توحید،خ. خلف کعبی,0,0,tel://09376339423,رستوران,2-Zeytoon Karmandi
کترینگ مظفریه,اهواز،زیتون کارمندی،کنارگذر پاسداران،خ زمرد,۴٫۰,(1 نفر),tel://06134429094,تهیه غذا,2-Zeytoon Karmandi
رستوران کترینگ ماهر,اهواز،دانشگاه چمران،بلوار گلستان،خ بهمن,۵٫۰,(1 نفر),http://6133201444,فست‌فود,3-Golestan_Uni
رستوران سنتی لبخند,اهواز،کیانپارس،خ. سیزدهم شرقی,0,0,tel://09166173279,فست‌فود,1-Kianpars
کترینگ و تالار یاقوت,اهواز،کوی نفت،خ ارشاد،خ بیست و شش,0,0,tel://06134413235,فست‌فود,11-Naft
رستوران سنتی اصیل,اهواز،کمپلو،خ انقلاب،خ قصرشیرین،نبش خ آزادی,0,0,tel://06133776666,رستوران,6-Campolo
کافه رستوران سنتی سورین,اهواز،نادری،خ شریعتی،خ صدرالسادات،خ مسلم,0,0,tel://06132214802,کافه,15-AkharAsfalt
کترینگ و فست فود ارفع,اهواز،کمپلو،خ شهید پورکیان,0,0,tel://09165335034,فست‌فود,6-Campolo
کافه رستوران سنتی خاقان,اهواز،کوی نهضت،خ. لشکر آباد،خ. گلستان,0,0,tel://06133337671,رستوران,6-Campolo
کترینگ دونه,اهواز،نادری،خ شریعتی،خ کافی,0,0,tel://09366806643,,15-AkharAsfalt
رستوران سنتی گلستان,اهواز،گلستان،بلوار گلستان بین اقبال و اسفند,0,0,tel://09389289117,کافه رستوران,3-Golestan_Uni
کترینگ نون و نمک,اهواز،کیان آباد،خ. هجده متری چهارم،خ. وهابی، بین ۷ و ۸ کیان آباد,۵٫۰,(3 نفر),tel://06133384006,تهیه غذا,1-Kianpars
کترینگ روز,اهواز،رسالت،خ رسالت یکم بین احسان و بلوار دماوند,0,0,tel://06132275641,تهیه غذا,8-Bahonar
کترینگ هایسال,اهواز،دانشگاه چمران،بلوار گلستان بین آذر و دی,0,0,tel://09044249973,تهیه غذا,3-Golestan_Uni
سالن غذاخوری شهرک نفت,اهواز،شهرک نفت،خ مهر فرعی،مجتمع فرهنگی ورزشی امام رضا,۱٫۰,(1 نفر),tel://06134163150,رستوران,11-Naft
رستوران سنتی مهربان و مهر بانو,اهواز،گلستان،بلوار کارگر شرقی،خ اقبال،خ تاراز,0,0,tel://09169192367,رستوران,3-Golestan_Uni
سالن پذیرایی بین الملل,اهواز،اسلام آباد شرقی،کنارگذر بهبهانی,۵٫۰,(1 نفر),/p/%D8%B3%D8%A7%D9%84%D9%86-%D9%BE%D8%B0%DB%8C%D8%B1%D8%A7%DB%8C%DB%8C-%D8%A8%DB%8C%D9%86-%D8%A7%D9%84%D9%85%D9%84%D9%84_ceremonial-services-2ZXEtOfujkflrv/gallery,تالار پذیرایی,4-Padad
کترینگ و آشپزخانه لمزی اهواز,اهواز،سعدی،بلوار گلستان,۳٫۰,(2 نفر),tel://09163097289,تهیه غذا,3-Golestan_Uni
رستوران و کترینگ کوچه باغ,اهواز،کیانپارس،خ کیانپارس بین مطهری شرقی و سروش شرقی,۳٫۰,(1 نفر),tel://06133924616,رستوران,1-Kianpars
کترینگ سور,اهواز،گلستان،بلوار کارگر شرقی،خ دی,0,0,tel://06133213109,تهیه غذا,3-Golestan_Uni
"تهیه غذای شهر , غذای بیرون بر شهر , کترینگ شهر",اهواز،کیان آباد،خ اروند،خ هجده متری پنجم,0,0,tel://06133375444,کافه,1-Kianpars
کترینگ دورچین,اهواز،زیتون کارمندی، خیابان زیتون کارمندی، بین فیاض و بوعلی,0,0,tel://06134456461,کافه,2-Zeytoon Karmandi
رستوران سنتی دیلمی,اهواز،منبع آب،خ بیست متری شهرداری،خ یازدهم,۴٫۵,(2 نفر),/profile/0a47facec716fb53,رستوران,13-Hasirabad
رستوران ایرانی,اهواز رستوران ایرانی,0,0,tel://09023711296,کافه,
رستوران ایرانی فرهنگیان,اهواز،کوی فرهنگیان 1،کوی فرهنگیان،خ گلایل،خ ناز,0,0,tel://09055001220,رستوران,14-Airport
کترینگ نارنج,اهواز،کیان آباد،خ اروند،خ بیست و یکم غربی,0,0,tel://06133388694,تهیه غذا,1-Kianpars
کترینگ محی,اهواز،کوی ملت،بلوار پاسداران،خ. اقبال,۴٫۰,(1 نفر),tel://06134479005,تهیه غذا,7-Kourosh
رستوران سنتی زیتون,اهواز،زیتون کارمندی،کنارگذر پاسداران،خ زمرد،خ فاطمی,0,0,/city-ahvaz/cat-fast-food-restaurant,رستوران,2-Zeytoon Karmandi